ExpenseID,DeliverableID,Date,Amount,Description,Category,Billable,created_at
1,6,,6591.19,Practical Silk Hat,Software,Billable,2020-04-11 01:45:35.339231
2,6,,4202.72,Frozen Concrete Towels,Travel,Billable,2020-04-11 01:45:35.339231
3,6,,4878.27,Refined Aluminum Chair,Equipment,Billable,2020-04-11 01:45:35.339231
4,6,,6807.06,Generic Silk Chicken,Travel,Billable,2020-04-11 01:45:35.339231
5,6,,5038.0,Refined Silk Bacon,Facilities,Billable,2020-04-11 01:45:35.339231
6,6,,4575.68,Small Aluminum Sausages,Travel,Non-Billable,2020-04-11 01:45:35.339231
7,6,,4146.26,Handcrafted Rubber Chair,Facilities,Billable,2020-04-11 01:45:35.339231
8,8,,2854.94,Handcrafted Wooden Ball,Travel,Billable,2020-05-13 01:14:34.796118
9,8,,3014.83,Generic Metal Chicken,Software,Billable,2020-05-13 01:14:34.796118
10,8,,5955.51,Gorgeous Silk Keyboard,Travel,Billable,2020-05-13 01:14:34.796118
11,8,,4481.94,Unbranded Steel Computer,Software,Non-Billable,2020-05-13 01:14:34.796118
12,8,,6534.59,Awesome Plastic Mouse,Facilities,Billable,2020-05-13 01:14:34.796118
13,12,,6694.8,Unbranded Bronze Pizza,Equipment,Billable,2020-07-22 00:35:45.259280
14,12,,5349.67,Modern Bronze Chair,Equipment,Billable,2020-07-22 00:35:45.259280
15,12,,2566.29,Fantastic Aluminum Gloves,Travel,Non-Billable,2020-07-22 00:35:45.259280
16,19,,2410.12,Ergonomic Bamboo Computer,Software,Billable,2020-09-20 03:55:49.163560
17,19,,4789.76,Generic Marble Shirt,Equipment,Billable,2020-09-20 03:55:49.163560
18,19,,4743.18,Luxurious Plastic Tuna,Equipment,Billable,2020-09-20 03:55:49.163560
19,19,,4068.67,Generic Bronze Chips,Facilities,Billable,2020-09-20 03:55:49.163560
20,19,,4595.08,Gorgeous Cotton Cheese,Equipment,Non-Billable,2020-09-20 03:55:49.163560
21,30,,6568.01,Incredible Wooden Towels,Software,Billable,2020-11-11 03:34:50.664895
22,30,,1174.59,Rustic Plastic Fish,Facilities,Billable,2020-11-11 03:34:50.664895
23,30,,5724.95,Electronic Cotton Mouse,Travel,Non-Billable,2020-11-11 03:34:50.664895
24,30,,6483.93,Small Aluminum Ball,Software,Non-Billable,2020-11-11 03:34:50.664895
25,30,,7953.32,Electronic Steel Cheese,Facilities,Billable,2020-11-11 03:34:50.664895
26,32,,5590.96,Awesome Metal Keyboard,Software,Non-Billable,2020-11-15 23:27:40.255671
27,32,,2805.31,Awesome Cotton Sausages,Facilities,Non-Billable,2020-11-15 23:27:40.255671
28,32,,95.47,Intelligent Cotton Fish,Travel,Billable,2020-11-15 23:27:40.255671
29,32,,3197.41,Gorgeous Cotton Ball,Facilities,Non-Billable,2020-11-15 23:27:40.255671
30,35,,8032.47,Fresh Bamboo Salad,Other,Non-Billable,2020-11-16 20:31:07.102030
31,35,,5624.92,Handmade Plastic Chicken,Travel,Billable,2020-11-16 20:31:07.102030
32,35,,2262.82,Oriental Rubber Gloves,Equipment,Billable,2020-11-16 20:31:07.102030
33,35,,6070.98,Elegant Steel Chair,Software,Billable,2020-11-16 20:31:07.102030
34,35,,5484.67,Handcrafted Wooden Table,Facilities,Billable,2020-11-16 20:31:07.102030
35,35,,9094.8,Licensed Metal Car,Facilities,Billable,2020-11-16 20:31:07.102030
36,35,,7053.16,Luxurious Plastic Chair,Software,Billable,2020-11-16 20:31:07.102030
37,35,,5332.18,Incredible Ceramic Table,Travel,Non-Billable,2020-11-16 20:31:07.102030
38,31,,4132.7,Awesome Steel Ball,Travel,Billable,2020-11-17 11:08:50.758589
39,31,,4315.38,Generic Ceramic Bike,Equipment,Billable,2020-11-17 11:08:50.758589
40,31,,6772.13,Electronic Silk Keyboard,Software,Billable,2020-11-17 11:08:50.758589
41,31,,4725.84,Practical Wooden Chicken,Facilities,Billable,2020-11-17 11:08:50.758589
42,31,,6963.09,Fantastic Bamboo Chicken,Other,Billable,2020-11-17 11:08:50.758589
43,31,,5661.4,Awesome Ceramic Tuna,Other,Billable,2020-11-17 11:08:50.758589
44,41,,4236.18,Ergonomic Gold Pizza,Travel,Billable,2020-12-31 20:16:34.774709
45,41,,4173.1,Small Metal Table,Facilities,Billable,2020-12-31 20:16:34.774709
46,41,,-5.52,Ergonomic Cotton Chair,Other,Billable,2020-12-31 20:16:34.774709
47,42,,6369.28,Fantastic Silk Mouse,Facilities,Non-Billable,2021-01-14 01:18:16.567203
48,42,,3552.0,Practical Cotton Fish,Equipment,Non-Billable,2021-01-14 01:18:16.567203
49,42,,3934.84,Fantastic Concrete Fish,Equipment,Billable,2021-01-14 01:18:16.567203
50,42,,6866.02,Modern Wooden Keyboard,Travel,Billable,2021-01-14 01:18:16.567203
51,42,,3476.53,Ergonomic Bamboo Pants,Software,Billable,2021-01-14 01:18:16.567203
52,42,,4082.76,Refined Cotton Towels,Equipment,Billable,2021-01-14 01:18:16.567203
53,42,,4386.57,Soft Bronze Chair,Equipment,Billable,2021-01-14 01:18:16.567203
54,42,,10567.55,Frozen Metal Table,Travel,Billable,2021-01-14 01:18:16.567203
55,44,,1459.51,Intelligent Rubber Chair,Other,Non-Billable,2021-01-30 06:32:01.516592
56,44,,2934.74,Frozen Wooden Gloves,Other,Billable,2021-01-30 06:32:01.516592
57,44,,5339.46,Unbranded Metal Computer,Travel,Billable,2021-01-30 06:32:01.516592
58,44,,5178.79,Small Marble Hat,Equipment,Billable,2021-01-30 06:32:01.516592
59,44,,4760.3,Ergonomic Steel Chair,Facilities,Billable,2021-01-30 06:32:01.516592
60,49,,4540.24,Small Gold Soap,Software,Non-Billable,2021-06-02 05:56:14.561465
61,49,,6256.28,Frozen Granite Towels,Software,Billable,2021-06-02 05:56:14.561465
62,49,,2749.16,Refined Granite Bacon,Travel,Billable,2021-06-02 05:56:14.561465
63,49,,4701.93,Incredible Aluminum Gloves,Software,Non-Billable,2021-06-02 05:56:14.561465
64,49,,7160.92,Handcrafted Wooden Soap,Equipment,Billable,2021-06-02 05:56:14.561465
65,53,,8529.37,Elegant Ceramic Ball,Software,Billable,2021-07-26 08:38:46.914527
66,53,,7631.53,Handcrafted Bamboo Salad,Travel,Billable,2021-07-26 08:38:46.914527
67,53,,1493.79,Gorgeous Aluminum Cheese,Software,Billable,2021-07-26 08:38:46.914527
68,53,,1493.06,Gorgeous Wooden Chips,Other,Non-Billable,2021-07-26 08:38:46.914527
69,53,,3910.16,Small Bronze Bike,Travel,Non-Billable,2021-07-26 08:38:46.914527
70,53,,6943.65,Generic Wooden Bacon,Facilities,Billable,2021-07-26 08:38:46.914527
71,53,,4938.08,Handmade Bamboo Ball,Travel,Billable,2021-07-26 08:38:46.914527
72,58,,2992.48,Oriental Cotton Keyboard,Other,Billable,2021-08-10 15:28:07.038410
73,58,,6020.59,Sleek Wooden Salad,Software,Billable,2021-08-10 15:28:07.038410
74,58,,4303.97,Luxurious Ceramic Table,Equipment,Billable,2021-08-10 15:28:07.038410
75,58,,5397.12,Handmade Silk Keyboard,Software,Billable,2021-08-10 15:28:07.038410
76,58,,7682.62,Recycled Plastic Sausages,Travel,Billable,2021-08-10 15:28:07.038410
77,58,,3232.44,Oriental Gold Pants,Software,Billable,2021-08-10 15:28:07.038410
78,60,,6974.24,Frozen Bamboo Computer,Travel,Non-Billable,2021-09-09 14:02:23.888994
79,60,,8950.05,Sleek Ceramic Ball,Software,Billable,2021-09-09 14:02:23.888994
80,60,,4905.47,Fresh Marble Pants,Facilities,Non-Billable,2021-09-09 14:02:23.888994
81,69,,6930.03,Small Concrete Hat,Facilities,Non-Billable,2021-12-06 05:55:56.660953
82,69,,5734.2,Small Bamboo Hat,Travel,Billable,2021-12-06 05:55:56.660953
83,78,,4971.42,Modern Steel Chips,Facilities,Billable,2021-12-31 16:37:08.039518
84,78,,4446.2,Sleek Bamboo Chips,Travel,Billable,2021-12-31 16:37:08.039518
85,78,,4949.22,Rustic Marble Mouse,Software,Billable,2021-12-31 16:37:08.039518
86,78,,7047.04,Incredible Cotton Table,Facilities,Non-Billable,2021-12-31 16:37:08.039518
87,77,,2812.74,Sleek Marble Cheese,Travel,Billable,2022-01-05 04:00:46.029966
88,77,,9804.05,Recycled Plastic Shoes,Equipment,Billable,2022-01-05 04:00:46.029966
89,77,,4954.79,Sleek Concrete Cheese,Travel,Billable,2022-01-05 04:00:46.029966
90,77,,3247.36,Frozen Bronze Ball,Software,Billable,2022-01-05 04:00:46.029966
91,77,,5075.32,Oriental Gold Hat,Travel,Billable,2022-01-05 04:00:46.029966
92,81,,6506.65,Intelligent Bamboo Pants,Equipment,Billable,2022-01-16 18:54:16.115383
93,81,,3995.49,Oriental Ceramic Shirt,Travel,Billable,2022-01-16 18:54:16.115383
94,81,,5423.19,Rustic Steel Salad,Software,Non-Billable,2022-01-16 18:54:16.115383
95,81,,6865.76,Refined Aluminum Chips,Software,Billable,2022-01-16 18:54:16.115383
96,81,,6746.32,Elegant Rubber Soap,Software,Non-Billable,2022-01-16 18:54:16.115383
97,81,,1876.39,Incredible Aluminum Chair,Equipment,Billable,2022-01-16 18:54:16.115383
98,81,,9003.47,Modern Plastic Chips,Facilities,Non-Billable,2022-01-16 18:54:16.115383
99,81,,1734.1,Electronic Concrete Bacon,Equipment,Non-Billable,2022-01-16 18:54:16.115383
100,86,,5470.4,Unbranded Marble Cheese,Software,Non-Billable,2022-02-10 01:39:55.714458
101,86,,6614.59,Rustic Silk Sausages,Software,Non-Billable,2022-02-10 01:39:55.714458
102,86,,2508.47,Ergonomic Aluminum Pizza,Travel,Non-Billable,2022-02-10 01:39:55.714458
103,82,,809.68,Modern Aluminum Chicken,Facilities,Billable,2022-02-10 17:27:32.199582
104,82,,5508.35,Modern Rubber Shirt,Travel,Billable,2022-02-10 17:27:32.199582
105,82,,3323.23,Soft Aluminum Pants,Travel,Billable,2022-02-10 17:27:32.199582
106,90,,6128.81,Elegant Cotton Pants,Software,Billable,2022-03-28 01:17:06.035060
107,90,,5711.1,Gorgeous Rubber Towels,Equipment,Non-Billable,2022-03-28 01:17:06.035060
108,90,,6442.93,Gorgeous Plastic Car,Software,Non-Billable,2022-03-28 01:17:06.035060
109,90,,6270.79,Practical Ceramic Mouse,Travel,Billable,2022-03-28 01:17:06.035060
110,90,,2443.95,Handmade Bronze Car,Equipment,Billable,2022-03-28 01:17:06.035060
111,97,,3530.18,Elegant Ceramic Shirt,Travel,Billable,2022-05-28 09:46:08.501353
112,97,,7449.17,Handmade Wooden Mouse,Software,Billable,2022-05-28 09:46:08.501353
113,97,,8246.79,Rustic Bamboo Cheese,Software,Billable,2022-05-28 09:46:08.501353
114,98,,5829.08,Fresh Aluminum Towels,Software,Billable,2022-06-02 13:46:15.755987
115,98,,3455.39,Incredible Aluminum Fish,Equipment,Billable,2022-06-02 13:46:15.755987
116,98,,5605.37,Small Metal Bacon,Equipment,Billable,2022-06-02 13:46:15.755987
117,98,,3931.7,Intelligent Silk Ball,Travel,Billable,2022-06-02 13:46:15.755987
118,98,,2798.44,Licensed Ceramic Tuna,Software,Billable,2022-06-02 13:46:15.755987
119,98,,3577.4,Rustic Granite Hat,Software,Billable,2022-06-02 13:46:15.755987
120,98,,3756.36,Awesome Plastic Bacon,Software,Non-Billable,2022-06-02 13:46:15.755987
121,98,,6402.75,Awesome Aluminum Keyboard,Equipment,Billable,2022-06-02 13:46:15.755987
122,101,,3501.64,Recycled Granite Car,Facilities,Billable,2022-06-22 23:32:02.252258
123,101,,5450.69,Incredible Ceramic Tuna,Facilities,Non-Billable,2022-06-22 23:32:02.252258
124,101,,2858.81,Practical Metal Fish,Software,Billable,2022-06-22 23:32:02.252258
125,101,,3220.51,Tasty Plastic Sausages,Other,Billable,2022-06-22 23:32:02.252258
126,101,,3303.8,Bespoke Bamboo Tuna,Software,Billable,2022-06-22 23:32:02.252258
127,105,,3872.7,Incredible Silk Bike,Travel,Billable,2022-08-25 16:16:33.143059
128,105,,4178.14,Handcrafted Rubber Chips,Travel,Billable,2022-08-25 16:16:33.143059
129,109,,8444.26,Elegant Gold Shoes,Travel,Non-Billable,2022-09-26 14:00:14.752142
130,109,,3395.01,Elegant Metal Cheese,Travel,Billable,2022-09-26 14:00:14.752142
131,118,,3313.48,Soft Concrete Bacon,Travel,Billable,2022-11-12 11:09:18.197170
132,118,,4729.51,Gorgeous Ceramic Cheese,Equipment,Non-Billable,2022-11-12 11:09:18.197170
133,118,,5379.7,Luxurious Aluminum Car,Software,Billable,2022-11-12 11:09:18.197170
134,118,,6153.52,Sleek Aluminum Bacon,Facilities,Billable,2022-11-12 11:09:18.197170
135,125,,4882.24,Elegant Aluminum Chicken,Travel,Billable,2022-12-19 07:21:03.938150
136,125,,7323.87,Bespoke Rubber Sausages,Software,Billable,2022-12-19 07:21:03.938150
137,125,,3463.27,Intelligent Marble Chicken,Facilities,Non-Billable,2022-12-19 07:21:03.938150
138,131,,5482.48,Intelligent Metal Fish,Software,Non-Billable,2022-12-31 18:31:24.032227
139,131,,7297.47,Tasty Bamboo Chair,Travel,Non-Billable,2022-12-31 18:31:24.032227
140,131,,7864.68,Tasty Silk Tuna,Software,Billable,2022-12-31 18:31:24.032227
141,131,,5065.45,Handmade Silk Shoes,Software,Non-Billable,2022-12-31 18:31:24.032227
142,131,,4466.17,Refined Bamboo Bike,Facilities,Billable,2022-12-31 18:31:24.032227
143,131,,3389.26,Recycled Marble Soap,Facilities,Non-Billable,2022-12-31 18:31:24.032227
144,131,,6192.88,Incredible Steel Ball,Software,Non-Billable,2022-12-31 18:31:24.032227
145,131,,4392.68,Licensed Ceramic Pants,Facilities,Billable,2022-12-31 18:31:24.032227
146,134,,5075.9,Elegant Ceramic Fish,Travel,Billable,2023-01-08 14:43:54.245756
147,134,,5271.09,Practical Wooden Ball,Software,Billable,2023-01-08 14:43:54.245756
148,134,,4195.87,Gorgeous Rubber Soap,Facilities,Billable,2023-01-08 14:43:54.245756
149,134,,6048.53,Licensed Granite Sausages,Equipment,Billable,2023-01-08 14:43:54.245756
150,134,,1127.77,Unbranded Cotton Table,Travel,Billable,2023-01-08 14:43:54.245756
151,132,,5251.69,Intelligent Plastic Tuna,Other,Non-Billable,2023-01-13 04:54:34.290885
152,132,,6447.22,Unbranded Gold Fish,Equipment,Billable,2023-01-13 04:54:34.290885
153,132,,6334.92,Soft Gold Chair,Other,Billable,2023-01-13 04:54:34.290885
154,132,,3067.38,Ergonomic Granite Chicken,Software,Billable,2023-01-13 04:54:34.290885
155,132,,5300.27,Generic Metal Pants,Facilities,Billable,2023-01-13 04:54:34.290885
156,132,,5505.87,Recycled Metal Towels,Travel,Billable,2023-01-13 04:54:34.290885
157,133,,4873.11,Ergonomic Bamboo Bacon,Other,Billable,2023-01-17 20:40:12.277719
158,133,,4129.56,Soft Steel Salad,Other,Non-Billable,2023-01-17 20:40:12.277719
159,133,,6501.17,Licensed Steel Pants,Facilities,Billable,2023-01-17 20:40:12.277719
160,133,,6777.33,Ergonomic Aluminum Gloves,Travel,Non-Billable,2023-01-17 20:40:12.277719
161,133,,3946.49,Fantastic Granite Tuna,Travel,Non-Billable,2023-01-17 20:40:12.277719
162,133,,3178.59,Elegant Metal Tuna,Travel,Billable,2023-01-17 20:40:12.277719
163,142,,7168.96,Fantastic Steel Car,Equipment,Billable,2023-03-01 19:23:51.236927
164,142,,3844.94,Generic Bamboo Salad,Travel,Non-Billable,2023-03-01 19:23:51.236927
165,142,,3441.7,Fantastic Gold Cheese,Equipment,Billable,2023-03-01 19:23:51.236927
166,141,,4611.34,Bespoke Bronze Bike,Facilities,Billable,2023-03-10 12:42:50.531817
167,141,,4201.78,Gorgeous Wooden Table,Software,Billable,2023-03-10 12:42:50.531817
168,141,,3694.21,Awesome Bronze Towels,Software,Non-Billable,2023-03-10 12:42:50.531817
169,141,,6544.04,Incredible Gold Chips,Software,Non-Billable,2023-03-10 12:42:50.531817
170,141,,8062.65,Bespoke Steel Sausages,Other,Non-Billable,2023-03-10 12:42:50.531817
171,149,,6922.84,Intelligent Marble Chair,Travel,Billable,2023-04-10 13:54:21.561557
172,149,,1350.55,Ergonomic Wooden Chicken,Equipment,Billable,2023-04-10 13:54:21.561557
173,149,,5583.72,Fresh Concrete Car,Equipment,Billable,2023-04-10 13:54:21.561557
174,149,,6798.93,Small Gold Hat,Travel,Billable,2023-04-10 13:54:21.561557
175,149,,4939.71,Licensed Aluminum Table,Software,Billable,2023-04-10 13:54:21.561557
176,159,,6745.84,Recycled Ceramic Mouse,Other,Billable,2023-05-22 09:10:20.698428
177,159,,3740.19,Recycled Gold Towels,Other,Billable,2023-05-22 09:10:20.698428
178,159,,1918.41,Oriental Marble Keyboard,Equipment,Non-Billable,2023-05-22 09:10:20.698428
179,158,,2789.29,Gorgeous Silk Bike,Equipment,Non-Billable,2023-05-27 06:54:15.618115
180,158,,6564.37,Rustic Cotton Chips,Facilities,Billable,2023-05-27 06:54:15.618115
181,164,,6457.37,Oriental Granite Car,Software,Non-Billable,2023-06-11 22:21:49.466299
182,164,,4023.61,Rustic Ceramic Pants,Facilities,Billable,2023-06-11 22:21:49.466299
183,164,,4547.48,Awesome Metal Computer,Other,Billable,2023-06-11 22:21:49.466299
184,164,,6512.11,Incredible Concrete Fish,Equipment,Billable,2023-06-11 22:21:49.466299
185,163,,6044.49,Fresh Aluminum Fish,Equipment,Non-Billable,2023-06-12 22:47:45.569760
186,163,,3367.19,Frozen Ceramic Hat,Facilities,Non-Billable,2023-06-12 22:47:45.569760
187,163,,2889.23,Fantastic Marble Computer,Travel,Non-Billable,2023-06-12 22:47:45.569760
188,163,,7116.97,Awesome Concrete Pants,Equipment,Billable,2023-06-12 22:47:45.569760
189,163,,5815.85,Refined Cotton Computer,Software,Billable,2023-06-12 22:47:45.569760
190,163,,4750.05,Electronic Silk Shirt,Software,Billable,2023-06-12 22:47:45.569760
191,165,,7470.24,Refined Bronze Computer,Facilities,Billable,2023-06-21 04:18:49.478229
192,165,,4359.82,Modern Rubber Soap,Equipment,Billable,2023-06-21 04:18:49.478229
193,165,,4453.96,Soft Ceramic Keyboard,Equipment,Billable,2023-06-21 04:18:49.478229
194,165,,5730.25,Tasty Granite Salad,Travel,Billable,2023-06-21 04:18:49.478229
195,168,,4563.93,Handmade Cotton Sausages,Software,Billable,2023-07-25 12:56:00.112155
196,168,,-277.62,Handmade Steel Chips,Equipment,Billable,2023-07-25 12:56:00.112155
197,168,,6076.12,Sleek Concrete Tuna,Software,Billable,2023-07-25 12:56:00.112155
198,172,,1747.36,Small Metal Shoes,Travel,Non-Billable,2024-01-12 09:28:11.524018
199,172,,9375.3,Rustic Silk Chips,Software,Billable,2024-01-12 09:28:11.524018
200,177,,1793.48,Incredible Silk Tuna,Other,Billable,2024-02-27 08:24:43.856957
201,177,,7383.92,Refined Metal Chicken,Travel,Billable,2024-02-27 08:24:43.856957
202,177,,3815.47,Incredible Cotton Keyboard,Software,Billable,2024-02-27 08:24:43.856957
203,177,,3579.84,Luxurious Silk Tuna,Other,Billable,2024-02-27 08:24:43.856957
204,177,,3804.58,Gorgeous Granite Shirt,Software,Billable,2024-02-27 08:24:43.856957
205,177,,5427.81,Awesome Bamboo Cheese,Travel,Non-Billable,2024-02-27 08:24:43.856957
206,177,,4621.17,Modern Silk Hat,Equipment,Billable,2024-02-27 08:24:43.856957
207,177,,6098.46,Electronic Rubber Ball,Facilities,Billable,2024-02-27 08:24:43.856957
208,185,,7116.41,Practical Marble Table,Equipment,Non-Billable,2024-05-06 12:25:20.871986
209,185,,6875.12,Ergonomic Bronze Cheese,Software,Billable,2024-05-06 12:25:20.871986
210,185,,5908.37,Fresh Bronze Table,Equipment,Billable,2024-05-06 12:25:20.871986
211,185,,3930.53,Fresh Bamboo Pants,Travel,Non-Billable,2024-05-06 12:25:20.871986
212,187,,5079.87,Intelligent Gold Pizza,Facilities,Billable,2024-05-19 15:51:51.062741
213,187,,3007.22,Rustic Wooden Soap,Facilities,Billable,2024-05-19 15:51:51.062741
214,187,,4440.25,Ergonomic Silk Pants,Software,Billable,2024-05-19 15:51:51.062741
215,188,,4696.89,Licensed Silk Cheese,Software,Billable,2024-06-11 01:51:50.051487
216,188,,4135.52,Electronic Concrete Mouse,Software,Non-Billable,2024-06-11 01:51:50.051487
217,188,,4673.36,Licensed Rubber Pants,Equipment,Billable,2024-06-11 01:51:50.051487
218,188,,2629.08,Soft Ceramic Table,Software,Non-Billable,2024-06-11 01:51:50.051487
219,194,,4826.49,Licensed Gold Pants,Travel,Non-Billable,2024-08-06 06:22:44.604887
220,194,,5718.37,Recycled Concrete Chicken,Travel,Billable,2024-08-06 06:22:44.604887
221,194,,6135.88,Generic Granite Fish,Travel,Billable,2024-08-06 06:22:44.604887
222,194,,8410.03,Tasty Cotton Chips,Equipment,Billable,2024-08-06 06:22:44.604887
223,194,,4398.39,Soft Plastic Soap,Travel,Non-Billable,2024-08-06 06:22:44.604887
224,194,,5815.75,Sleek Metal Gloves,Facilities,Non-Billable,2024-08-06 06:22:44.604887
225,200,,5849.93,Electronic Granite Mouse,Travel,Billable,2024-09-26 19:32:58.030302
226,200,,2164.75,Refined Metal Sausages,Travel,Billable,2024-09-26 19:32:58.030302
227,200,,6199.72,Luxurious Aluminum Cheese,Travel,Billable,2024-09-26 19:32:58.030302
228,203,,5264.04,Intelligent Bamboo Chips,Software,Billable,2024-10-16 04:55:10.027820
229,203,,4522.17,Elegant Ceramic Cheese,Travel,Non-Billable,2024-10-16 04:55:10.027820
230,203,,7860.31,Luxurious Metal Chair,Facilities,Billable,2024-10-16 04:55:10.027820
231,203,,4630.83,Unbranded Concrete Bike,Facilities,Non-Billable,2024-10-16 04:55:10.027820
232,203,,3603.61,Incredible Concrete Pants,Travel,Billable,2024-10-16 04:55:10.027820
233,203,,4448.6,Refined Cotton Chair,Software,Non-Billable,2024-10-16 04:55:10.027820
234,203,,6881.39,Awesome Concrete Computer,Travel,Billable,2024-10-16 04:55:10.027820
235,208,,2973.37,Luxurious Cotton Towels,Equipment,Billable,2024-11-03 09:27:56.095109
236,208,,6402.37,Rustic Granite Pants,Equipment,Non-Billable,2024-11-03 09:27:56.095109
237,208,,6425.26,Sleek Plastic Cheese,Travel,Billable,2024-11-03 09:27:56.095109
238,216,,11123.89,Unbranded Ceramic Mouse,Equipment,Billable,2024-12-10 11:21:14.870460
239,216,,5302.22,Tasty Ceramic Gloves,Equipment,Billable,2024-12-10 11:21:14.870460
240,216,,6530.55,Generic Marble Towels,Travel,Billable,2024-12-10 11:21:14.870460
241,215,,6863.14,Fantastic Metal Keyboard,Facilities,Billable,2024-12-16 11:52:38.821269
242,215,,5522.53,Electronic Silk Bike,Travel,Non-Billable,2024-12-16 11:52:38.821269
243,215,,4667.06,Licensed Metal Soap,Equipment,Billable,2024-12-16 11:52:38.821269
244,221,,5273.64,Gorgeous Silk Shoes,Software,Billable,2025-01-13 19:12:05.723775
245,221,,8405.39,Electronic Plastic Bacon,Software,Billable,2025-01-13 19:12:05.723775
246,221,,4850.51,Ergonomic Bronze Towels,Facilities,Billable,2025-01-13 19:12:05.723775
247,221,,4453.76,Small Rubber Bacon,Software,Billable,2025-01-13 19:12:05.723775
248,221,,7108.86,Soft Concrete Cheese,Facilities,Billable,2025-01-13 19:12:05.723775
249,221,,5523.9,Handcrafted Metal Sausages,Equipment,Billable,2025-01-13 19:12:05.723775
250,221,,2489.78,Recycled Metal Keyboard,Equipment,Billable,2025-01-13 19:12:05.723775
251,223,,6077.84,Frozen Aluminum Computer,Facilities,Non-Billable,2025-01-19 19:34:33.228005
252,223,,7708.04,Unbranded Bamboo Hat,Travel,Billable,2025-01-19 19:34:33.228005
253,234,,5596.78,Bespoke Marble Keyboard,Software,Billable,2025-02-25 17:16:47.643232
254,234,,9151.28,Frozen Aluminum Computer,Facilities,Non-Billable,2025-02-25 17:16:47.643232
255,234,,4255.46,Licensed Bronze Ball,Equipment,Non-Billable,2025-02-25 17:16:47.643232
256,234,,6132.17,Refined Marble Shirt,Travel,Billable,2025-02-25 17:16:47.643232
257,234,,6398.03,Soft Granite Pants,Travel,Billable,2025-02-25 17:16:47.643232
258,235,,2581.93,Fresh Wooden Keyboard,Travel,Billable,2025-03-04 09:23:38.331615
259,235,,4523.32,Oriental Wooden Shoes,Other,Billable,2025-03-04 09:23:38.331615
260,235,,6704.36,Handcrafted Aluminum Chair,Other,Non-Billable,2025-03-04 09:23:38.331615
261,235,,7502.91,Rustic Metal Car,Equipment,Billable,2025-03-04 09:23:38.331615
262,235,,4566.53,Elegant Metal Keyboard,Software,Billable,2025-03-04 09:23:38.331615
263,235,,6718.63,Awesome Bronze Gloves,Facilities,Non-Billable,2025-03-04 09:23:38.331615
264,239,,5821.52,Tasty Wooden Tuna,Travel,Non-Billable,2025-03-22 19:17:26.789269
265,239,,4626.39,Refined Silk Towels,Equipment,Billable,2025-03-22 19:17:26.789269
266,239,,4946.34,Handcrafted Concrete Bacon,Software,Billable,2025-03-22 19:17:26.789269
267,239,,3972.32,Gorgeous Silk Mouse,Equipment,Non-Billable,2025-03-22 19:17:26.789269
268,239,,8446.93,Recycled Gold Hat,Travel,Billable,2025-03-22 19:17:26.789269
269,240,,5998.17,Licensed Steel Bacon,Other,Billable,2025-03-30 08:37:02.322199
270,240,,4567.1,Ergonomic Granite Ball,Equipment,Billable,2025-03-30 08:37:02.322199
271,240,,3739.43,Bespoke Ceramic Shoes,Facilities,Non-Billable,2025-03-30 08:37:02.322199
272,240,,1877.3,Intelligent Ceramic Salad,Travel,Billable,2025-03-30 08:37:02.322199
273,240,,7759.68,Handmade Rubber Mouse,Software,Billable,2025-03-30 08:37:02.322199
274,240,,7314.69,Bespoke Concrete Chair,Travel,Billable,2025-03-30 08:37:02.322199
275,243,,7509.62,Tasty Cotton Salad,Software,Non-Billable,2025-04-04 16:51:21.245176
276,243,,6309.35,Practical Aluminum Mouse,Software,Billable,2025-04-04 16:51:21.245176
277,243,,4053.47,Small Rubber Sausages,Software,Billable,2025-04-04 16:51:21.245176
278,243,,4548.69,Gorgeous Bamboo Fish,Travel,Billable,2025-04-04 16:51:21.245176
279,243,,4828.78,Handcrafted Granite Computer,Other,Non-Billable,2025-04-04 16:51:21.245176
280,249,,3779.95,Handcrafted Wooden Chicken,Travel,Non-Billable,2025-05-23 13:13:34.968579
281,249,,4978.12,Rustic Cotton Keyboard,Software,Billable,2025-05-23 13:13:34.968579
282,249,,3685.03,Refined Rubber Tuna,Software,Billable,2025-05-23 13:13:34.968579
283,251,,3269.86,Elegant Granite Salad,Software,Billable,2025-05-31 08:12:55.529304
284,251,,6050.38,Oriental Cotton Shoes,Travel,Non-Billable,2025-05-31 08:12:55.529304
285,253,,7230.87,Refined Wooden Car,Travel,Billable,2025-06-27 11:58:45.603478
286,253,,2371.71,Handmade Bamboo Ball,Software,Billable,2025-06-27 11:58:45.603478
287,253,,8533.31,Generic Rubber Ball,Equipment,Non-Billable,2025-06-27 11:58:45.603478
288,253,,6856.09,Generic Steel Bacon,Equipment,Non-Billable,2025-06-27 11:58:45.603478
289,253,,6085.66,Luxurious Steel Keyboard,Travel,Non-Billable,2025-06-27 11:58:45.603478
290,253,,6326.9,Luxurious Silk Fish,Travel,Non-Billable,2025-06-27 11:58:45.603478
291,253,,3551.51,Sleek Metal Keyboard,Travel,Billable,2025-06-27 11:58:45.603478
292,257,,587.16,Ergonomic Steel Keyboard,Equipment,Non-Billable,2025-08-05 00:54:57.433701
293,257,,8244.39,Generic Marble Shoes,Software,Billable,2025-08-05 00:54:57.433701
294,257,,8902.28,Incredible Cotton Car,Travel,Billable,2025-08-05 00:54:57.433701
295,257,,6256.76,Sleek Metal Pants,Software,Billable,2025-08-05 00:54:57.433701
296,262,,1523.78,Frozen Rubber Keyboard,Travel,Billable,2025-09-19 07:48:05.824665
297,262,,10109.37,Incredible Silk Towels,Software,Billable,2025-09-19 07:48:05.824665
298,262,,3715.61,Handcrafted Bamboo Pizza,Travel,Billable,2025-09-19 07:48:05.824665
299,262,,7360.98,Oriental Wooden Chair,Travel,Billable,2025-09-19 07:48:05.824665
300,262,,9556.8,Oriental Bronze Towels,Facilities,Billable,2025-09-19 07:48:05.824665
301,262,,8941.73,Incredible Concrete Chair,Travel,Billable,2025-09-19 07:48:05.824665
302,262,,4961.06,Bespoke Gold Hat,Equipment,Non-Billable,2025-09-19 07:48:05.824665
303,268,,6119.15,Refined Aluminum Table,Travel,Billable,2025-11-02 09:40:39.996909
304,268,,3372.94,Fantastic Silk Car,Software,Billable,2025-11-02 09:40:39.996909
305,268,,5373.52,Recycled Plastic Gloves,Software,Non-Billable,2025-11-02 09:40:39.996909
306,268,,5945.33,Luxurious Concrete Chips,Other,Billable,2025-11-02 09:40:39.996909
307,268,,3820.18,Electronic Wooden Mouse,Travel,Billable,2025-11-02 09:40:39.996909
308,268,,6688.57,Small Aluminum Fish,Equipment,Billable,2025-11-02 09:40:39.996909
309,268,,5263.29,Awesome Marble Fish,Other,Billable,2025-11-02 09:40:39.996909
310,268,,3820.87,Awesome Cotton Cheese,Travel,Billable,2025-11-02 09:40:39.996909
311,272,,3965.63,Refined Plastic Keyboard,Software,Billable,2025-11-22 08:34:07.738618
312,272,,3903.67,Awesome Silk Mouse,Software,Billable,2025-11-22 08:34:07.738618
313,272,,247.13,Electronic Wooden Computer,Facilities,Billable,2025-11-22 08:34:07.738618
314,275,,6641.93,Small Bronze Shirt,Travel,Billable,2025-12-15 21:32:36.893036
315,275,,1724.79,Fantastic Silk Salad,Software,Non-Billable,2025-12-15 21:32:36.893036
316,275,,5239.2,Ergonomic Plastic Pizza,Equipment,Non-Billable,2025-12-15 21:32:36.893036
317,279,,2051.53,Luxurious Ceramic Sausages,Travel,Billable,2026-01-15 04:06:11.214438
318,279,,6987.86,Oriental Concrete Bacon,Travel,Billable,2026-01-15 04:06:11.214438
319,279,,3183.59,Fantastic Metal Shoes,Other,Billable,2026-01-15 04:06:11.214438
320,279,,3217.56,Recycled Cotton Gloves,Equipment,Billable,2026-01-15 04:06:11.214438
321,283,,3333.41,Small Rubber Hat,Facilities,Non-Billable,2026-02-12 11:18:26.517634
322,283,,3723.45,Tasty Plastic Bike,Software,Non-Billable,2026-02-12 11:18:26.517634
323,283,,1983.62,Ergonomic Silk Table,Travel,Billable,2026-02-12 11:18:26.517634
324,283,,2686.04,Oriental Bronze Tuna,Travel,Billable,2026-02-12 11:18:26.517634
325,293,,8491.74,Soft Steel Bacon,Travel,Non-Billable,2026-03-25 20:22:05.291890
326,293,,3009.19,Frozen Ceramic Shirt,Software,Billable,2026-03-25 20:22:05.291890
327,293,,8654.52,Soft Ceramic Sausages,Facilities,Billable,2026-03-25 20:22:05.291890
328,293,,6793.18,Awesome Wooden Chicken,Other,Billable,2026-03-25 20:22:05.291890
329,293,,1655.5,Ergonomic Cotton Bike,Other,Billable,2026-03-25 20:22:05.291890
330,293,,2181.79,Sleek Bronze Chicken,Travel,Non-Billable,2026-03-25 20:22:05.291890
331,293,,4182.73,Elegant Granite Fish,Facilities,Non-Billable,2026-03-25 20:22:05.291890
332,297,,8008.43,Intelligent Marble Ball,Other,Non-Billable,2026-04-12 21:50:03.460361
333,297,,5496.55,Elegant Ceramic Gloves,Other,Non-Billable,2026-04-12 21:50:03.460361
334,297,,1748.8,Handcrafted Bamboo Cheese,Travel,Non-Billable,2026-04-12 21:50:03.460361
335,297,,2157.69,Bespoke Wooden Chips,Facilities,Billable,2026-04-12 21:50:03.460361
336,297,,3965.73,Electronic Bamboo Chair,Facilities,Billable,2026-04-12 21:50:03.460361
337,298,,5470.78,Rustic Plastic Bike,Travel,Billable,2026-04-13 15:36:43.457882
338,298,,2348.41,Frozen Marble Bike,Software,Non-Billable,2026-04-13 15:36:43.457882
339,298,,4968.16,Oriental Plastic Bike,Software,Billable,2026-04-13 15:36:43.457882
340,296,,5970.0,Bespoke Bamboo Bike,Software,Billable,2026-04-21 11:36:27.739907
341,296,,4064.36,Sleek Silk Computer,Other,Billable,2026-04-21 11:36:27.739907
342,296,,4594.17,Tasty Bronze Tuna,Facilities,Billable,2026-04-21 11:36:27.739907
343,302,,5440.7,Rustic Silk Table,Other,Non-Billable,2026-04-30 20:35:14.982870
344,302,,3721.54,Fresh Silk Car,Travel,Billable,2026-04-30 20:35:14.982870
345,302,,3218.22,Rustic Steel Chicken,Software,Billable,2026-04-30 20:35:14.982870
346,302,,5976.21,Elegant Metal Towels,Travel,Billable,2026-04-30 20:35:14.982870
347,302,,3263.87,Awesome Steel Salad,Software,Non-Billable,2026-04-30 20:35:14.982870
348,302,,6580.76,Small Concrete Towels,Travel,Billable,2026-04-30 20:35:14.982870
349,302,,7601.05,Intelligent Concrete Table,Travel,Billable,2026-04-30 20:35:14.982870
350,304,,4731.71,Ergonomic Bronze Towels,Travel,Non-Billable,2026-06-09 10:37:45.963076
351,304,,7629.56,Intelligent Bamboo Gloves,Software,Billable,2026-06-09 10:37:45.963076
352,304,,3868.98,Frozen Silk Ball,Travel,Billable,2026-06-09 10:37:45.963076
353,304,,5557.98,Refined Concrete Chair,Facilities,Billable,2026-06-09 10:37:45.963076
354,304,,6723.63,Practical Aluminum Keyboard,Software,Billable,2026-06-09 10:37:45.963076
355,304,,2196.18,Ergonomic Metal Gloves,Travel,Billable,2026-06-09 10:37:45.963076
356,304,,7640.37,Recycled Steel Gloves,Facilities,Billable,2026-06-09 10:37:45.963076
357,315,,3479.16,Sleek Marble Chicken,Travel,Non-Billable,2026-10-08 23:27:28.234606
358,315,,4746.53,Fantastic Plastic Towels,Travel,Billable,2026-10-08 23:27:28.234606
359,315,,8150.78,Refined Plastic Soap,Travel,Billable,2026-10-08 23:27:28.234606
360,315,,5057.58,Fantastic Marble Towels,Travel,Billable,2026-10-08 23:27:28.234606
361,315,,7355.09,Intelligent Silk Bacon,Travel,Billable,2026-10-08 23:27:28.234606
362,318,,5561.06,Gorgeous Metal Fish,Equipment,Billable,2026-10-23 16:56:35.720761
363,318,,7032.19,Incredible Steel Cheese,Equipment,Billable,2026-10-23 16:56:35.720761
364,318,,8241.95,Tasty Marble Soap,Travel,Billable,2026-10-23 16:56:35.720761
365,318,,4773.84,Refined Plastic Tuna,Other,Billable,2026-10-23 16:56:35.720761
366,318,,6747.26,Tasty Steel Gloves,Equipment,Billable,2026-10-23 16:56:35.720761
367,318,,4939.19,Frozen Bronze Computer,Travel,Billable,2026-10-23 16:56:35.720761
368,318,,5385.12,Luxurious Steel Cheese,Software,Billable,2026-10-23 16:56:35.720761
369,320,,7289.52,Generic Bamboo Chips,Software,Billable,2026-10-26 20:41:40.591232
370,320,,5470.64,Recycled Bamboo Pizza,Other,Billable,2026-10-26 20:41:40.591232
371,320,,3919.79,Modern Concrete Table,Travel,Billable,2026-10-26 20:41:40.591232
372,320,,3997.51,Practical Bronze Bike,Facilities,Billable,2026-10-26 20:41:40.591232
373,320,,7853.19,Frozen Bamboo Shoes,Facilities,Billable,2026-10-26 20:41:40.591232
374,320,,4207.71,Luxurious Aluminum Gloves,Travel,Non-Billable,2026-10-26 20:41:40.591232
375,320,,3464.98,Handmade Bronze Shirt,Facilities,Billable,2026-10-26 20:41:40.591232
376,320,,3171.44,Handcrafted Rubber Keyboard,Facilities,Billable,2026-10-26 20:41:40.591232
377,324,,1636.85,Incredible Marble Gloves,Facilities,Billable,2026-11-29 06:31:59.372728
378,324,,8368.7,Handcrafted Silk Pants,Software,Non-Billable,2026-11-29 06:31:59.372728
379,324,,7000.04,Intelligent Metal Keyboard,Software,Billable,2026-11-29 06:31:59.372728
380,324,,4436.4,Soft Gold Chips,Software,Non-Billable,2026-11-29 06:31:59.372728
381,324,,5197.0,Handmade Marble Chips,Software,Billable,2026-11-29 06:31:59.372728
382,329,,5860.13,Awesome Steel Keyboard,Travel,Non-Billable,2026-12-29 21:13:05.160959
383,329,,4359.07,Fantastic Silk Soap,Travel,Billable,2026-12-29 21:13:05.160959
384,329,,5049.53,Small Plastic Computer,Equipment,Non-Billable,2026-12-29 21:13:05.160959
385,329,,8976.67,Bespoke Granite Computer,Software,Billable,2026-12-29 21:13:05.160959
386,329,,9561.0,Awesome Metal Mouse,Other,Non-Billable,2026-12-29 21:13:05.160959
387,329,,10023.08,Handcrafted Plastic Shirt,Travel,Billable,2026-12-29 21:13:05.160959
388,329,,4918.9,Intelligent Ceramic Chair,Equipment,Billable,2026-12-29 21:13:05.160959
389,331,,7573.25,Rustic Marble Fish,Travel,Billable,2027-01-03 12:10:34.665762
390,331,,3780.03,Generic Bamboo Table,Software,Billable,2027-01-03 12:10:34.665762
391,331,,4830.36,Fantastic Plastic Tuna,Facilities,Billable,2027-01-03 12:10:34.665762
392,331,,8020.22,Oriental Gold Fish,Software,Non-Billable,2027-01-03 12:10:34.665762
393,331,,3480.99,Oriental Cotton Hat,Software,Billable,2027-01-03 12:10:34.665762
394,331,,3557.63,Tasty Concrete Ball,Travel,Billable,2027-01-03 12:10:34.665762
395,338,,3351.43,Modern Metal Chair,Facilities,Billable,2027-01-29 21:19:32.901295
396,338,,6366.52,Generic Wooden Chair,Facilities,Billable,2027-01-29 21:19:32.901295
397,338,,4115.15,Fantastic Steel Hat,Other,Billable,2027-01-29 21:19:32.901295
398,338,,4317.65,Gorgeous Wooden Pizza,Travel,Billable,2027-01-29 21:19:32.901295
399,338,,6628.85,Sleek Marble Pants,Travel,Billable,2027-01-29 21:19:32.901295
400,338,,9371.42,Electronic Metal Chips,Travel,Billable,2027-01-29 21:19:32.901295
401,343,,3390.08,Awesome Steel Shoes,Travel,Billable,2027-03-03 23:21:54.801496
402,343,,3999.23,Incredible Plastic Shoes,Travel,Billable,2027-03-03 23:21:54.801496
403,343,,5877.0,Electronic Granite Chair,Facilities,Billable,2027-03-03 23:21:54.801496
404,343,,3060.99,Ergonomic Marble Car,Equipment,Non-Billable,2027-03-03 23:21:54.801496
405,343,,4838.59,Sleek Gold Chair,Facilities,Billable,2027-03-03 23:21:54.801496
406,342,,4187.52,Refined Ceramic Bike,Software,Non-Billable,2027-03-12 01:04:22.415668
407,342,,3766.34,Oriental Gold Pants,Equipment,Non-Billable,2027-03-12 01:04:22.415668
408,342,,3753.3,Fantastic Aluminum Soap,Equipment,Billable,2027-03-12 01:04:22.415668
409,347,,4250.94,Practical Aluminum Ball,Equipment,Non-Billable,2027-04-15 08:45:54.892960
410,347,,4747.74,Handcrafted Steel Chips,Software,Billable,2027-04-15 08:45:54.892960
411,349,,3748.23,Electronic Marble Pizza,Travel,Billable,2027-04-23 16:21:23.015730
412,349,,3923.08,Tasty Ceramic Chair,Software,Billable,2027-04-23 16:21:23.015730
413,356,,2147.76,Electronic Bamboo Computer,Travel,Billable,2027-06-23 03:43:48.947233
414,356,,8257.88,Luxurious Gold Ball,Travel,Billable,2027-06-23 03:43:48.947233
415,356,,1784.21,Awesome Marble Chicken,Other,Billable,2027-06-23 03:43:48.947233
416,356,,3627.33,Luxurious Rubber Chair,Equipment,Non-Billable,2027-06-23 03:43:48.947233
417,356,,3313.2,Handcrafted Aluminum Ball,Other,Billable,2027-06-23 03:43:48.947233
418,356,,4211.05,Handcrafted Marble Table,Other,Non-Billable,2027-06-23 03:43:48.947233
419,356,,5639.19,Handmade Plastic Pizza,Travel,Billable,2027-06-23 03:43:48.947233
420,362,,7073.03,Handmade Marble Mouse,Travel,Billable,2027-07-08 05:31:30.626950
421,362,,2657.57,Tasty Silk Chicken,Software,Billable,2027-07-08 05:31:30.626950
422,362,,9547.88,Luxurious Aluminum Fish,Software,Non-Billable,2027-07-08 05:31:30.626950
423,363,,6343.4,Handcrafted Wooden Shoes,Equipment,Billable,2027-07-17 06:32:11.691518
424,363,,3854.64,Awesome Aluminum Sausages,Travel,Billable,2027-07-17 06:32:11.691518
425,363,,4385.88,Luxurious Rubber Ball,Travel,Non-Billable,2027-07-17 06:32:11.691518
426,363,,7401.52,Awesome Granite Mouse,Equipment,Billable,2027-07-17 06:32:11.691518
427,363,,2106.14,Fantastic Ceramic Mouse,Equipment,Billable,2027-07-17 06:32:11.691518
428,363,,4881.6,Small Plastic Mouse,Other,Billable,2027-07-17 06:32:11.691518
429,373,,9224.7,Fresh Wooden Bacon,Equipment,Billable,2027-08-21 06:35:42.011152
430,373,,4823.75,Small Concrete Ball,Travel,Billable,2027-08-21 06:35:42.011152
431,377,,6169.37,Fresh Bamboo Computer,Travel,Non-Billable,2027-08-30 17:05:29.432834
432,377,,4259.55,Unbranded Wooden Car,Travel,Billable,2027-08-30 17:05:29.432834
433,377,,7368.51,Elegant Aluminum Chair,Travel,Billable,2027-08-30 17:05:29.432834
434,377,,3820.04,Licensed Bronze Bike,Travel,Non-Billable,2027-08-30 17:05:29.432834
435,377,,5522.35,Fresh Metal Sausages,Travel,Billable,2027-08-30 17:05:29.432834
436,376,,7333.57,Luxurious Rubber Cheese,Equipment,Billable,2027-09-12 16:11:26.453934
437,376,,4866.22,Ergonomic Marble Shirt,Software,Billable,2027-09-12 16:11:26.453934
438,376,,7909.31,Elegant Aluminum Table,Travel,Non-Billable,2027-09-12 16:11:26.453934
439,376,,3230.99,Rustic Steel Chicken,Software,Billable,2027-09-12 16:11:26.453934
440,376,,3958.81,Oriental Ceramic Pants,Travel,Billable,2027-09-12 16:11:26.453934
441,380,,7979.61,Modern Metal Bike,Travel,Billable,2027-09-25 00:02:08.157257
442,380,,5495.57,Practical Concrete Pants,Travel,Billable,2027-09-25 00:02:08.157257
443,380,,8202.6,Incredible Gold Sausages,Travel,Billable,2027-09-25 00:02:08.157257
444,385,,2973.94,Modern Steel Keyboard,Travel,Billable,2027-10-24 08:59:30.004350
445,385,,1625.55,Licensed Gold Pants,Travel,Billable,2027-10-24 08:59:30.004350
446,385,,7417.86,Elegant Concrete Car,Facilities,Billable,2027-10-24 08:59:30.004350
447,390,,2481.87,Generic Wooden Pizza,Software,Non-Billable,2027-11-23 04:55:34.151840
448,390,,6574.03,Handcrafted Cotton Shoes,Travel,Non-Billable,2027-11-23 04:55:34.151840
449,390,,8057.86,Oriental Steel Cheese,Equipment,Billable,2027-11-23 04:55:34.151840
450,390,,5730.74,Oriental Metal Sausages,Equipment,Non-Billable,2027-11-23 04:55:34.151840
451,390,,5958.88,Unbranded Metal Soap,Software,Billable,2027-11-23 04:55:34.151840
452,390,,4860.49,Modern Rubber Keyboard,Software,Non-Billable,2027-11-23 04:55:34.151840
453,396,,4329.59,Rustic Granite Gloves,Software,Billable,2027-12-02 14:34:17.295717
454,396,,3245.09,Generic Bamboo Salad,Travel,Billable,2027-12-02 14:34:17.295717
455,396,,190.9,Recycled Gold Salad,Equipment,Billable,2027-12-02 14:34:17.295717
456,396,,1738.89,Tasty Bronze Computer,Equipment,Billable,2027-12-02 14:34:17.295717
457,396,,5110.53,Gorgeous Bamboo Pizza,Travel,Billable,2027-12-02 14:34:17.295717
458,395,,4874.77,Tasty Metal Ball,Software,Billable,2027-12-11 01:03:23.569795
459,395,,56.88,Modern Steel Ball,Equipment,Billable,2027-12-11 01:03:23.569795
460,397,,5464.97,Fresh Granite Pants,Software,Billable,2027-12-20 14:44:15.001468
461,397,,6802.99,Ergonomic Marble Keyboard,Travel,Billable,2027-12-20 14:44:15.001468
462,397,,6833.14,Practical Metal Pizza,Equipment,Billable,2027-12-20 14:44:15.001468
463,397,,9114.54,Elegant Gold Shoes,Equipment,Billable,2027-12-20 14:44:15.001468
464,397,,8016.02,Intelligent Marble Sausages,Equipment,Non-Billable,2027-12-20 14:44:15.001468
465,397,,3959.12,Incredible Rubber Chicken,Travel,Billable,2027-12-20 14:44:15.001468
466,403,,4445.89,Intelligent Bamboo Table,Software,Billable,2028-02-03 10:05:38.936856
467,403,,2447.33,Frozen Gold Chips,Equipment,Non-Billable,2028-02-03 10:05:38.936856
468,403,,3339.57,Elegant Plastic Pizza,Travel,Non-Billable,2028-02-03 10:05:38.936856
469,403,,5115.2,Bespoke Gold Hat,Travel,Non-Billable,2028-02-03 10:05:38.936856
470,403,,3656.27,Rustic Plastic Chicken,Facilities,Billable,2028-02-03 10:05:38.936856
471,403,,5966.65,Soft Concrete Fish,Other,Non-Billable,2028-02-03 10:05:38.936856
472,406,,6177.0,Soft Gold Pants,Other,Non-Billable,2028-03-08 07:05:17.802694
473,406,,6333.74,Awesome Bronze Car,Equipment,Billable,2028-03-08 07:05:17.802694
474,406,,6041.0,Tasty Aluminum Shoes,Facilities,Billable,2028-03-08 07:05:17.802694
475,406,,5852.21,Rustic Gold Soap,Travel,Non-Billable,2028-03-08 07:05:17.802694
476,406,,4110.66,Practical Bronze Shoes,Travel,Non-Billable,2028-03-08 07:05:17.802694
477,408,,879.11,Luxurious Metal Chips,Software,Billable,2028-04-03 20:06:52.918786
478,408,,7181.93,Bespoke Silk Cheese,Travel,Billable,2028-04-03 20:06:52.918786
479,408,,5920.11,Handmade Steel Gloves,Travel,Billable,2028-04-03 20:06:52.918786
480,408,,5453.01,Elegant Concrete Keyboard,Equipment,Non-Billable,2028-04-03 20:06:52.918786
481,408,,5508.85,Soft Plastic Soap,Software,Billable,2028-04-03 20:06:52.918786
482,408,,3756.46,Practical Metal Towels,Travel,Billable,2028-04-03 20:06:52.918786
483,418,,4639.64,Electronic Metal Chicken,Travel,Non-Billable,2028-06-04 02:53:50.356880
484,418,,7742.95,Electronic Granite Salad,Software,Billable,2028-06-04 02:53:50.356880
485,418,,6309.01,Tasty Bronze Computer,Travel,Billable,2028-06-04 02:53:50.356880
486,418,,5186.32,Elegant Metal Car,Other,Billable,2028-06-04 02:53:50.356880
487,423,,6373.26,Unbranded Bamboo Salad,Travel,Billable,2028-06-19 08:30:57.717110
488,423,,4697.7,Luxurious Steel Fish,Other,Non-Billable,2028-06-19 08:30:57.717110
489,423,,4200.04,Intelligent Steel Sausages,Equipment,Billable,2028-06-19 08:30:57.717110
490,423,,2939.72,Electronic Rubber Keyboard,Other,Non-Billable,2028-06-19 08:30:57.717110
491,423,,4289.77,Handcrafted Gold Ball,Software,Billable,2028-06-19 08:30:57.717110
492,423,,2400.72,Practical Gold Ball,Travel,Billable,2028-06-19 08:30:57.717110
493,421,,3040.48,Fantastic Silk Tuna,Software,Billable,2028-06-27 21:05:12.806065
494,421,,4207.58,Fresh Granite Shoes,Other,Non-Billable,2028-06-27 21:05:12.806065
495,421,,4658.51,Tasty Ceramic Cheese,Facilities,Non-Billable,2028-06-27 21:05:12.806065
496,421,,187.52,Bespoke Silk Fish,Travel,Billable,2028-06-27 21:05:12.806065
497,421,,2086.64,Bespoke Rubber Gloves,Travel,Billable,2028-06-27 21:05:12.806065
498,421,,4156.81,Oriental Gold Computer,Equipment,Billable,2028-06-27 21:05:12.806065
499,421,,5837.15,Electronic Granite Pizza,Software,Billable,2028-06-27 21:05:12.806065
500,421,,5719.07,Small Steel Keyboard,Other,Billable,2028-06-27 21:05:12.806065
501,432,,3426.39,Generic Rubber Ball,Travel,Non-Billable,2028-08-03 04:57:50.918810
502,432,,3431.01,Fresh Concrete Bacon,Equipment,Billable,2028-08-03 04:57:50.918810
503,432,,4495.85,Elegant Granite Car,Equipment,Billable,2028-08-03 04:57:50.918810
504,438,,5674.73,Luxurious Wooden Fish,Software,Billable,2028-08-25 12:16:17.400516
505,438,,4044.3,Unbranded Concrete Table,Software,Billable,2028-08-25 12:16:17.400516
506,440,,2754.53,Awesome Bamboo Pants,Travel,Billable,2028-08-25 22:51:32.493501
507,440,,6680.71,Electronic Granite Mouse,Equipment,Billable,2028-08-25 22:51:32.493501
508,440,,9072.31,Handcrafted Metal Salad,Facilities,Billable,2028-08-25 22:51:32.493501
509,440,,9377.0,Oriental Silk Soap,Travel,Billable,2028-08-25 22:51:32.493501
510,440,,4532.59,Bespoke Metal Hat,Equipment,Billable,2028-08-25 22:51:32.493501
511,445,,2903.5,Practical Steel Bacon,Software,Billable,2028-09-10 00:28:39.060763
512,445,,3127.11,Bespoke Cotton Mouse,Other,Billable,2028-09-10 00:28:39.060763
513,445,,2632.31,Gorgeous Plastic Ball,Software,Billable,2028-09-10 00:28:39.060763
514,445,,4899.66,Oriental Metal Fish,Equipment,Non-Billable,2028-09-10 00:28:39.060763
515,444,,2499.85,Sleek Wooden Ball,Travel,Non-Billable,2028-09-11 19:24:36.103906
516,444,,5702.81,Luxurious Steel Mouse,Travel,Non-Billable,2028-09-11 19:24:36.103906
517,444,,4059.86,Handcrafted Marble Bacon,Equipment,Non-Billable,2028-09-11 19:24:36.103906
518,444,,4407.17,Soft Gold Car,Equipment,Non-Billable,2028-09-11 19:24:36.103906
519,444,,2076.01,Sleek Rubber Towels,Travel,Non-Billable,2028-09-11 19:24:36.103906
520,444,,4361.02,Modern Bronze Car,Facilities,Billable,2028-09-11 19:24:36.103906
521,446,,5498.74,Frozen Gold Chicken,Facilities,Billable,2028-09-27 22:50:38.551651
522,446,,4975.71,Modern Rubber Chicken,Software,Billable,2028-09-27 22:50:38.551651
523,446,,7770.97,Handmade Silk Chair,Facilities,Billable,2028-09-27 22:50:38.551651
524,449,,3913.05,Modern Bronze Ball,Software,Non-Billable,2028-10-19 03:26:48.635655
525,449,,4246.87,Generic Rubber Bacon,Other,Non-Billable,2028-10-19 03:26:48.635655
526,449,,4675.44,Practical Granite Shoes,Software,Billable,2028-10-19 03:26:48.635655
527,449,,4949.31,Awesome Silk Pizza,Software,Billable,2028-10-19 03:26:48.635655
528,449,,9703.54,Elegant Ceramic Chicken,Facilities,Billable,2028-10-19 03:26:48.635655
529,449,,3895.91,Sleek Steel Shirt,Software,Non-Billable,2028-10-19 03:26:48.635655
530,449,,1393.37,Small Marble Tuna,Travel,Billable,2028-10-19 03:26:48.635655
531,449,,5534.46,Ergonomic Bronze Keyboard,Facilities,Billable,2028-10-19 03:26:48.635655
532,456,,1883.85,Licensed Gold Shirt,Equipment,Billable,2028-12-03 20:30:39.019970
533,456,,10666.99,Elegant Bamboo Bacon,Travel,Billable,2028-12-03 20:30:39.019970
534,456,,3430.34,Fresh Silk Fish,Equipment,Billable,2028-12-03 20:30:39.019970
535,456,,6202.52,Incredible Steel Towels,Facilities,Non-Billable,2028-12-03 20:30:39.019970
536,456,,631.01,Gorgeous Bamboo Pizza,Travel,Billable,2028-12-03 20:30:39.019970
537,459,,6196.8,Tasty Rubber Bike,Other,Billable,2029-01-01 15:56:17.252320
538,459,,8722.51,Electronic Ceramic Computer,Travel,Non-Billable,2029-01-01 15:56:17.252320
539,459,,3107.45,Electronic Ceramic Gloves,Software,Billable,2029-01-01 15:56:17.252320
540,460,,4297.46,Awesome Cotton Pants,Software,Billable,2029-01-22 06:17:21.263885
541,460,,3219.25,Incredible Silk Pizza,Equipment,Billable,2029-01-22 06:17:21.263885
542,460,,6255.22,Sleek Ceramic Soap,Software,Billable,2029-01-22 06:17:21.263885
543,460,,3422.3,Licensed Steel Bike,Software,Billable,2029-01-22 06:17:21.263885
544,460,,4477.4,Practical Cotton Chicken,Equipment,Billable,2029-01-22 06:17:21.263885
545,468,,2874.98,Oriental Granite Tuna,Software,Billable,2029-03-31 05:59:59.009246
546,468,,5507.41,Incredible Granite Ball,Facilities,Billable,2029-03-31 05:59:59.009246
547,468,,3205.49,Incredible Cotton Car,Travel,Non-Billable,2029-03-31 05:59:59.009246
548,468,,4684.32,Fresh Concrete Pizza,Software,Billable,2029-03-31 05:59:59.009246
549,467,,3927.84,Bespoke Marble Ball,Equipment,Billable,2029-04-03 10:39:33.833991
550,467,,9175.99,Recycled Aluminum Towels,Travel,Billable,2029-04-03 10:39:33.833991
551,467,,6415.43,Small Marble Chips,Travel,Billable,2029-04-03 10:39:33.833991
552,467,,7479.87,Handmade Bamboo Shoes,Equipment,Non-Billable,2029-04-03 10:39:33.833991
553,472,,4782.62,Small Silk Bacon,Software,Billable,2029-06-24 18:38:26.109189
554,472,,4243.45,Sleek Aluminum Ball,Equipment,Billable,2029-06-24 18:38:26.109189
555,472,,5585.9,Licensed Rubber Hat,Equipment,Non-Billable,2029-06-24 18:38:26.109189
556,472,,2596.82,Elegant Aluminum Shoes,Equipment,Billable,2029-06-24 18:38:26.109189
557,472,,5188.56,Licensed Cotton Pants,Equipment,Billable,2029-06-24 18:38:26.109189
558,485,,5056.93,Oriental Wooden Hat,Software,Billable,2029-09-27 10:40:32.946333
559,485,,5043.46,Fresh Aluminum Cheese,Travel,Non-Billable,2029-09-27 10:40:32.946333
560,485,,721.77,Unbranded Concrete Chair,Other,Billable,2029-09-27 10:40:32.946333
561,485,,4708.13,Elegant Granite Soap,Equipment,Billable,2029-09-27 10:40:32.946333
562,483,,7581.1,Fresh Gold Pizza,Travel,Non-Billable,2029-09-27 11:34:41.644760
563,483,,6730.31,Intelligent Aluminum Fish,Travel,Billable,2029-09-27 11:34:41.644760
564,483,,3565.22,Luxurious Metal Shirt,Travel,Non-Billable,2029-09-27 11:34:41.644760
565,483,,4310.83,Intelligent Steel Tuna,Facilities,Billable,2029-09-27 11:34:41.644760
566,483,,2035.17,Electronic Gold Bike,Software,Billable,2029-09-27 11:34:41.644760
567,484,,9476.71,Sleek Silk Gloves,Equipment,Billable,2029-09-29 04:31:01.933786
568,484,,3122.09,Unbranded Granite Hat,Facilities,Billable,2029-09-29 04:31:01.933786
569,484,,3545.8,Intelligent Cotton Tuna,Software,Non-Billable,2029-09-29 04:31:01.933786
570,492,,1393.19,Incredible Marble Soap,Software,Billable,2029-11-23 04:06:50.624151
571,492,,7186.25,Unbranded Marble Chips,Equipment,Non-Billable,2029-11-23 04:06:50.624151
572,492,,4225.5,Small Aluminum Shoes,Travel,Billable,2029-11-23 04:06:50.624151
573,492,,2805.12,Generic Granite Table,Equipment,Non-Billable,2029-11-23 04:06:50.624151
574,492,,5302.07,Generic Aluminum Ball,Travel,Non-Billable,2029-11-23 04:06:50.624151
575,497,,4844.45,Frozen Silk Bike,Facilities,Non-Billable,2029-12-08 08:04:04.982483
576,497,,4087.79,Rustic Cotton Table,Equipment,Billable,2029-12-08 08:04:04.982483
577,497,,5072.94,Small Rubber Pizza,Travel,Non-Billable,2029-12-08 08:04:04.982483
578,497,,6822.05,Electronic Plastic Table,Facilities,Non-Billable,2029-12-08 08:04:04.982483
579,497,,3163.59,Sleek Bamboo Hat,Travel,Billable,2029-12-08 08:04:04.982483
580,497,,6281.92,Licensed Plastic Shoes,Travel,Billable,2029-12-08 08:04:04.982483
581,499,,4054.29,Intelligent Gold Mouse,Travel,Billable,2029-12-26 17:16:13.958381
582,499,,3924.85,Oriental Bamboo Soap,Equipment,Billable,2029-12-26 17:16:13.958381
583,499,,7246.08,Handmade Metal Ball,Travel,Non-Billable,2029-12-26 17:16:13.958381
584,499,,4440.15,Handcrafted Gold Table,Facilities,Billable,2029-12-26 17:16:13.958381
585,499,,4017.94,Ergonomic Bamboo Table,Other,Non-Billable,2029-12-26 17:16:13.958381
586,499,,4135.91,Handcrafted Gold Gloves,Travel,Non-Billable,2029-12-26 17:16:13.958381
587,499,,8615.18,Fantastic Granite Chips,Travel,Non-Billable,2029-12-26 17:16:13.958381
